x1,x2,x3,x4,x5
95,22,76,0.16044918467511216,0.7609893993393599
87,46,29,0.07204343667837543,0.02961635553802522
20,78,88,0.8291122776923443,0.10698731456377097
68,78,58,0.476919144219226,0.14691864495923945
88,14,15,0.28739490315654737,0.3960887275712639
33,40,89,0.2551958620831417,0.5853834987289989
22,47,72,0.17044995137140317,0.22096211900571372
71,97,43,0.02457028211424639,0.18961223230315327
21,32,74,0.1298157659216268,0.011786613631917242
60,60,26,0.7121967096060582,0.718294610319709
61,78,21,0.6467312144841475,0.8297538860564434
65,23,89,0.3321662436899796,0.02523784679464358
8,58,50,0.08209834719869713,0.815726123425178
46,14,88,0.6614871021869871,0.18777068985330803
51,60,44,0.4099868354116629,0.9908618524150486
83,87,90,0.576051584140342,0.3560408814059033
63,52,4,0.2680376765113809,0.545810272519714
30,71,43,0.04686071648207579,0.9917933465358508
67,49,76,0.5553175618783344,0.8113260904726025
45,23,33,0.566744524762453,0.037083480939009705
77,79,57,0.9958541597746237,0.9469721474550781
80,11,43,0.8583471081198077,0.26761525608789727
43,79,57,0.2606248998638029,0.1757449419343644
99,60,19,0.005755190436679158,0.06089561407828592
94,89,14,0.8705480295051128,0.11570847921621952
34,10,65,0.29860742562565845,0.7853596884796883
77,86,18,0.5331522158687519,0.9229901419730875
60,18,79,0.4631088058574244,0.5023868426811384
21,71,9,0.5019394448959767,0.6876344513501373
27,33,74,0.7076112401708079,0.002184021005048775
72,99,14,0.34939859334399925,0.6137994830001758
57,17,25,0.6301897584045908,0.042900623390158876
91,9,27,0.22418698258225,0.2846855402085694
58,94,11,0.40403592196509364,0.5877183844598789
79,43,1,0.18970101403313466,0.0797638389256412
63,70,83,0.2944960829159594,0.13356306771914495
73,0,13,0.45040228514624503,0.6286961296679382
84,6,52,0.8632192515274026,0.6814382305744855
76,73,21,0.6289790876542557,0.7136272860565239
65,27,57,0.05378845797224019,0.7936941890541518
69,81,65,0.3922870807409441,0.5408947675074315
24,36,60,0.7130675102526528,0.6795925050390386
67,87,93,0.26278546515686885,0.9808956140518021
80,51,92,0.8335226737070925,0.8083112233591805
63,2,53,0.4527104592374672,0.9381051700161797
38,73,35,0.4791188714956274,0.24300584426731142
94,56,75,0.5055496136799895,0.2830861727060062
4,46,4,0.6725435711732268,0.2080977459044402
62,96,76,0.8907826644158697,0.4511176430930245
36,76,32,0.5659560190550029,0.33622053686719455
85,2,58,0.12298013456774892,0.02065375856895002
41,57,9,0.8144272893019656,0.32429860314500747
50,35,81,0.5951100307002619,0.8622675565171405
27,74,17,0.6114501264273033,0.694095955416465
17,87,15,0.1139831675077525,0.6265771264748928
67,1,18,0.8905544484419677,0.8265797707289081
48,93,75,0.8165252896822666,0.34854057339264555
92,45,72,0.07962745714529007,0.14889354217122053
51,90,56,0.3616118464570427,0.7028444485244084
91,27,6,0.19697339559966598,0.5930620148526214
71,71,74,0.4053039718186886,0.819379649231881
12,80,29,0.5004044112295571,0.8526685499856421
48,47,65,0.25325492329038846,0.9274130508713838
36,66,95,0.07451825756228014,0.19309980474242772
13,17,41,0.7061557123173684,0.6539813462565989
3,61,59,0.8610515560625173,0.17541529644441367
100,100,72,0.733003027326046,0.1450289552158308
37,61,23,0.9194982089986016,0.8571640282652379
82,74,11,0.3851517565327558,0.8628790829235864
81,80,20,0.24754563920448058,0.30476277424790243
46,41,45,0.12556342343103477,0.1758066279737568
99,92,37,0.6427095307739821,0.4671840467408346
35,52,14,0.9524376998712272,0.7290273307088687
70,37,61,0.03976905087441285,0.7385198181334056
15,19,2,0.9101690523231555,0.4876385345915464
68,27,30,0.15758887571051927,0.6498151977761205
1,47,58,0.24035423879735263,0.0853556502063344
76,88,20,0.27018322893410096,0.008356537156602672
49,6,30,0.792248442010385,0.14618683679555466
26,49,55,0.17512095794196236,0.696193836463669
73,89,99,0.7135858456513735,0.7229457973545231
23,87,47,0.7739818426510163,0.1748988404886065
37,64,63,0.9138950900620572,0.8000484168809083
21,16,54,0.9259712470387981,0.4022261080158388
76,38,51,0.8780245857640879,0.12936301666187888
53,78,66,0.2903510683652717,0.2607011206144315
52,47,44,0.14554716438247461,0.5491228092348258
75,30,75,0.2754341835031673,0.1268377683989731
52,52,9,0.9986884591267957,0.5940091796569772
57,93,80,0.1159709639011468,0.04289887291708061
88,80,47,0.5380493632512663,0.7348931154320545
60,41,39,0.3341581213944742,0.954053873719781
2,95,63,0.40290859591771977,0.26506993582694494
14,20,76,0.5355817779530327,0.48875761480453195
62,45,26,0.9940871517649161,0.25448168533827153
85,14,49,0.7569694977763287,0.14947296293587997
30,70,79,0.4902143973607107,0.09652657144268906
55,38,60,0.5650238896250582,0.8201221947334861
17,23,63,0.4315981956669779,0.3425298009887603
100,42,89,0.7194113093485093,0.23048322066666604
8,4,34,0.5555021702058252,0.28122594788425703
42,67,27,0.552731306704217,0.1231876904590522
94,11,45,0.11964975243955867,0.15015169080263358
91,92,87,0.4654323354974419,0.3508280025567212
69,63,51,0.6002944545054302,0.10636053211354446
63,54,32,0.8197281661330642,0.9662781151312135
81,29,91,0.7469274620591174,0.6466883034871111
4,4,47,0.03843531408970691,0.14424079516482602
22,63,17,0.5360805440155822,0.2842591851351658
16,69,59,0.5819245977713025,0.8734886911021778
42,42,4,0.9380404440292542,0.6035263131195486
52,35,60,0.2950460017396085,0.9434678696240194
95,18,80,0.6909248178663691,0.9298796039963192
41,69,27,0.6304029898406805,0.9820597999150326
47,75,84,0.526822105324021,0.31835576907464014
27,72,25,0.9083938317447207,0.5885539579211002
30,67,88,0.176939603419634,0.3523708965943474
64,79,16,0.008081412672671262,0.3758513317713451
83,77,40,0.8917069568487445,0.7589474914624037
28,14,75,0.22611926913584524,0.3376417221596205
23,1,10,0.36176612037697775,0.9563129837924033
5,3,22,0.3162763302080982,0.7125472243085981
32,50,61,0.6993598917202095,0.49009748723454694
82,13,11,0.840747603892167,0.07760255870240562
95,17,33,0.44609399481744316,0.17210446379931177
38,57,27,0.27292030165722925,0.6924092768961291
34,82,28,0.1591194586092156,0.7420577413200514
33,100,5,0.9604139972783114,0.24561719615228106
21,97,70,0.11636464600793839,0.11373166279527092
44,6,7,0.5591656887345493,0.8948539753683195
14,1,2,0.8897517706390147,0.345683318109002
14,57,35,0.9791768182558037,0.2624275503948068
100,97,58,0.3491958850152441,0.33987641734163165
45,74,1,0.3828717320759125,0.7198495267056343
62,88,79,0.19966222354433627,0.9562114677946275
89,22,51,0.44164457822133574,0.4256599811123294
94,88,35,0.48887466010972236,0.46043820972732463
35,48,33,0.2887286035219324,0.7500047998286531
100,21,15,0.0032397722235936177,0.44833137482625607
11,42,94,0.06004913415704338,0.8505966557689935
35,41,43,0.781636747420207,0.5416335102127758
57,1,86,0.22793322265754046,0.982363284198163
5,6,68,0.3471711843675187,0.04311836223492438
19,75,19,0.6534444842017757,0.3163809817561143
24,38,29,0.559001136448696,0.38323321865987936
67,96,12,0.18466071337422452,0.906912533052513
4,64,58,0.9095215964591802,0.09867929310495582
80,39,66,0.1393208566874773,0.6108659699748353
39,36,86,0.2754994119829337,0.3470271576723625
61,73,100,0.6648731692768078,0.11958157339713127
66,83,70,0.8325928638329606,0.5928722804861392
94,26,34,0.749892978152932,0.14957929032867723
16,72,1,0.5884503174772697,0.8087173716492347
6,95,37,0.09213795188049967,0.9393349060960994
14,63,86,0.2029808302107431,0.18986127037536882
79,49,69,0.684103586845213,0.12731113237426506
63,88,90,0.3041464958626976,0.2670124670589903
76,17,72,0.9602729714135995,0.6735461953278365
17,84,40,0.5966387591953759,0.48456390076116607
93,33,90,0.7250313929444685,0.19665821591048604
75,26,42,0.7339717363101248,0.011221457543538982
46,82,75,0.26485672249946435,0.9646187709938518
65,90,91,0.8136627520929347,0.2877771575499224
19,91,62,0.4645753914918378,0.143842566909528
76,81,54,0.5699233415026826,0.023341307007850975
47,28,93,0.4456119681261721,0.29126442318350554
12,25,78,0.21299167915489026,0.41203785889590927
11,46,1,0.8403486085925372,0.5281172837357859
13,72,28,0.5297225151106217,0.8036590829927042
79,59,36,0.16809659347623163,0.23531371347473695
22,96,61,0.950059202729557,0.057671954313793905
22,91,70,0.7341762842912896,0.5916663620727126
69,72,60,0.8920061041162437,0.15643161201454814
77,89,49,0.7282127113252527,0.013373616536391242
32,76,2,0.5494270199699256,0.7878118227221091
28,52,91,0.7992006467734754,0.9943929872111188
64,80,25,0.28207497665757475,0.508905432175058
75,41,9,0.20580849578475435,0.10426561080641883
41,98,35,0.7880605112185429,0.42804401344900256
66,90,42,0.627435516216625,0.21357315459198645
76,76,46,0.22700317101349288,0.9080684408107131
24,44,95,0.5386336652941455,0.06411992471429395
7,11,52,0.7945963190597807,0.6661735938454214
12,60,74,0.11132973874615582,0.3165223841259054
22,87,18,0.7423673027020949,0.7147666635254643
20,93,70,0.2799659666260391,0.18493337905398866
35,5,41,0.03908456814618311,0.7058690228767946
65,60,75,0.8760784361827262,0.1498564529644707
63,30,77,0.45749026311018404,0.2428014791043389
78,57,15,0.8529782950286617,0.5037720846730858
60,39,76,0.20786052753101336,0.7509974284029475
19,56,71,0.1359352391659301,0.9566129983208005
15,76,15,0.3480781085319751,0.5525436105585295
10,68,85,0.6984817380989696,0.06562062628268395
74,33,78,0.7120029841381493,0.32381927799560273
20,30,7,0.5168123580205323,0.7775437764019836
83,52,56,0.861299415793274,0.6720066618310885
6,33,31,0.43134040134893614,0.5572221101138145
35,54,60,0.9821272337771916,0.6563511592274527
25,97,95,0.005604510357772652,0.4669746483653239
61,71,30,0.6423434695721472,0.7006964151260786
79,20,83,0.564686116211525,0.23981161955598929
2,74,62,0.24465362672806512,0.23628969336194394
25,34,36,0.10335102681386488,0.3802173078271869
52,57,41,0.08416272020848248,0.09381704336651042
57,14,1,0.6347418690032761,0.748512577241072
53,94,78,0.5125005108452619,0.6768443146190688
35,79,13,0.2199402382203478,0.9041258639441634
73,29,2,0.8450343681521023,0.9281859137574311
46,83,19,0.9504714218882779,0.17740024755727601
63,37,66,0.6455041764295146,0.6114977712919016
14,36,19,0.7724103917780559,0.2677888733953161
42,8,5,0.9174502994972701,0.9007323596115135
67,5,95,0.48098655097071885,0.8848730274944977
77,1,52,0.773884174953361,0.2156270185658582
28,23,72,0.255134609959638,0.8600174314533733
85,99,82,0.38695193875633715,0.3648509231960705
78,100,46,0.923816593156668,0.4842614105248896
29,52,33,0.985672411952617,0.13786980011727878
40,76,55,0.8229742396670975,0.8096486278959102
73,92,19,0.7836707621228038,0.89843380416707
83,74,56,0.4567460550061786,0.36162623120606396
6,94,37,5.073258996068919e-5,0.9738457635955642
15,94,0,0.17701062889293517,0.6223306713543119
68,54,15,0.8376472543583463,0.7696045257890001
63,15,93,0.8454533585308471,0.010694059303619996
23,54,99,0.797068000689221,0.8039398184498442
14,65,65,0.8072985262739879,0.6039118120327667
92,13,42,0.3372799081559542,0.5145574475256994
3,88,35,0.6465022561115846,0.5265205347831653
78,56,60,0.17775493919692809,0.10002341424906969
10,15,26,0.32514843576634656,0.7491272960558258
92,17,23,0.28419280608081243,0.8396955172446813
32,41,92,0.47660572464011375,0.44406187553646226
54,55,47,0.6396218961525942,0.1450597461231683
24,34,5,0.05741555986249147,0.9834595535684272
73,2,7,0.1880562038631921,0.27815375247671736
73,67,69,0.6914855637552298,0.038341228195648
51,21,14,0.14425599698734692,0.895756528788867
89,97,89,0.048343840668793936,0.19533121229109351
74,89,12,0.2767732189275248,0.1425195138573958
21,94,53,0.6647477515944427,0.39871742830621504
60,83,43,0.5831928430202107,0.2355908780665592
9,5,5,0.9742121182716544,0.2314752395504005
27,99,70,0.16072746217005252,0.9872505095026308
83,29,85,0.5869969724618452,0.5967024121962035
5,71,49,0.32451370251674383,0.3691573202964561
94,10,87,0.31216453744784123,0.21776139700097596
61,61,30,0.5996019229182079,0.707423952388056
5,77,79,0.2840511999110905,0.7677022095992327
7,34,78,0.5744797650994526,0.9953606422456159
21,7,78,0.772658170032356,0.2807619158951865
12,92,12,0.5144113092206222,0.5964596210920331
19,80,83,0.4250508166539242,0.4549232980684079
26,7,82,0.9873559820264372,0.7710805093028344
3,29,75,0.09517491748740992,0.20725932550163484
35,60,21,0.22197662697309328,0.4849484027827503
50,60,19,0.9583406605341186,0.019129399318336793
9,17,90,0.5664683777588461,0.9360901410956354
100,17,18,0.9277279954165067,0.7920957313301018
90,15,37,0.48290158050652443,0.6784150738702388
65,18,23,0.1892328504719596,0.2501995615296633
32,39,60,0.6643666111041622,0.9785894924697712
19,86,16,0.26650488181434673,0.4117228539264859
28,13,32,0.3517332236819376,0.7463239338966084
24,37,36,0.9708381487512053,0.22577524588337172
2,80,10,0.42487360214825565,0.8324091913279638
8,24,81,0.44999373557319644,0.09944997141281442
10,74,21,0.21428010894328187,0.2842436198740407
60,32,72,0.3888929069590841,0.16798232239346567
42,54,10,0.9386881810900424,0.5241964690126556
21,56,43,0.06575260333434563,0.9986860627422595
28,72,66,0.7757690043283849,0.16615219924447222
93,89,95,0.1484999183220269,0.5686938191755291
56,10,89,0.843635212535163,0.02020891460378793
91,63,83,0.7499318886060138,0.7249649254770687
84,32,64,0.2322139819468605,0.30877990221273577
53,67,31,0.7079711870889436,0.10644408811759698
32,17,72,0.11034278520597385,0.12271561606986925
68,54,79,0.7463362470483045,0.35773644072552135
3,80,44,0.19701207664639375,0.8790300905088778
29,27,41,0.10794648385975258,0.8546831006497959
66,70,19,0.6668789631809205,0.9897583980250985
38,74,81,0.1654966246439814,0.6239491859241441
47,49,57,0.7714078786226685,0.9643140172042612
8,92,55,0.7285158593353039,0.18177190017875589
6,14,99,0.6039051213895973,0.5157197477532507
99,99,99,0.6705937632356949,0.12580403444221944
5,90,85,0.29807860360261573,0.6591970047041324
66,15,100,0.20862543982218174,0.6783436155076574
61,67,4,0.040693572706961834,0.6605829824241204
90,85,69,0.25454316281124034,0.41143232786577055
81,6,87,0.4223609160540086,0.3406807038653915
32,54,57,0.21928103878942806,0.8520281654609759
89,30,78,0.4682232712997999,0.13132430508846038
11,35,46,0.08632650089468141,0.31001487439187214
38,75,57,0.6817526189161719,0.5080039764404385
8,92,29,0.0981963120651197,0.8299303607212976
26,26,23,0.7993436169438103,0.8461058576488123
22,63,19,0.9806341002681372,0.6246108447511658
53,95,37,0.5460308793251417,0.7626899792435131
54,67,92,0.5558371033323726,0.2972654259125227
32,1,92,0.6849121341843196,0.9305477267386311
60,79,95,0.5191737458307414,0.8632636628536384
57,11,65,0.8114639166769727,0.995653054094914
89,86,94,0.975216676196887,0.06283528821473683
72,90,39,0.1171759526859808,0.8628311959281362
9,96,3,0.46036972397965314,0.6198513942683203
95,43,20,0.6109640369811428,0.6143884638153555
89,17,68,0.6504537430489283,0.33133651535649244
44,95,62,0.15761567487360983,0.3706486821712409
98,70,81,0.13798662426064656,0.023780237682059724
24,33,13,0.5496214496835606,0.8746345486089557
46,14,29,0.731275377597627,0.6542278227627422
75,25,33,0.2577915421631226,0.763503813848006
81,45,66,0.17807878620058193,0.10543240302530854
15,45,84,0.9608449364578087,0.6390868750044761
67,79,66,0.057772013712724335,0.332961790598039
97,80,9,0.6745572589717774,0.7322514626202559
40,89,74,0.24335882966667066,0.07216103767841708
95,53,82,0.04280445877185657,0.01618659865608496
41,20,13,0.02675013367928214,0.032184528829811376
50,49,100,0.43231734737774963,0.14045185528990478
91,46,82,0.9433682437701302,0.9004722031448952
87,75,90,0.7643069399757825,0.36690634098496644
87,98,99,0.42824139736220534,0.1752172859754253
4,85,11,0.06350479817942889,0.9520503308787269
77,66,99,0.2872783773196732,0.9702887998072695
14,66,63,0.7260125927370806,0.24907926860134977
23,72,54,0.6427688818177646,0.9987203966136465
48,32,33,0.12209510027809622,0.7410675085487475
73,95,90,0.6247446219050113,0.9787802164812219
37,55,71,0.7459667855140149,0.35974797890474686
47,79,92,0.3140467853640465,0.8835554280161261
27,83,51,0.19096939077825492,0.308468054037476
39,79,51,0.7757783767871511,0.4244339192953803
72,96,77,0.753688477539044,0.8672188408088106
43,44,77,0.892409362499085,0.16819773712783803
29,30,13,0.05714594349465962,0.4513927769362198
44,87,83,0.3489357821541964,0.23894202308219903
60,67,26,0.9229829657925137,0.05319296778234961
6,84,50,0.8234226741930231,0.15437607949050136
40,3,36,0.11721709971599337,0.3272610195431579
83,50,91,0.15354739676546414,0.4132395709282326
45,7,83,0.07979186000124738,0.4791559371916857
98,54,70,0.5052847330142488,0.256502862118573
3,52,29,0.36365246486492764,0.43624544790435305
44,75,25,0.759637782158574,0.1217253423100858
50,23,15,0.5846704550343735,0.1283936980717446
8,8,23,0.5313251602985078,0.25450563188194986
62,59,15,0.40810990512058853,0.6683736145226832
22,88,85,0.662356426699739,0.5894008731030771
30,40,70,0.2328091433028312,0.7685003173485376
87,44,68,0.34067171561214904,0.5394437624534723
32,44,80,0.6623166301931724,0.7591983953425737
29,98,6,0.12492814945142638,0.32363437847722165
98,24,80,0.9546562912230785,0.3240454525966996
92,99,58,0.5982371419055674,0.5554692946533604
89,72,11,0.7964979419104555,0.2714247152392959
2,27,82,0.3178265406059999,0.023676564926993104
34,27,64,0.9129666148443235,0.5919573369586754
8,79,97,0.038322888413582,0.9294060835623416
92,76,71,0.3347554094955074,0.9869538282511555
10,41,2,0.8658128779434404,0.9829625101178701
20,22,30,0.3482260363776527,0.023710450727156274
17,41,50,0.8577259753476685,0.5313059273602802
24,57,10,0.03836616181470043,0.3227029477130051
75,28,16,0.5048245714014473,0.6588099566492648
24,2,85,0.8412434211340267,0.5688665193351677
88,66,31,0.311807472921271,0.4233333613877075
11,12,82,0.36102634805828926,0.3798919315738212
63,47,2,0.9970589477067997,0.3011705150515114
81,8,23,0.6027907578785257,0.5487098146222681
54,20,71,0.7302874566588006,0.12485902587583708
14,81,25,0.5685013598682144,0.22305738801295094
65,13,73,0.7168643973994917,0.19271896438322522
51,59,42,0.49976551525651347,0.9244209191213024
3,54,89,0.952314535404021,0.22048035629208929
91,0,14,0.666130674411878,0.011476163079818469
87,68,15,0.9350319829611315,0.9214902078765353
8,55,3,0.3320161757753588,0.5076509453678397
16,84,45,0.26863346699196955,0.16711468328915546
66,63,14,0.4644695387958403,0.6001336621249488
63,45,21,0.4969649334271029,0.4008115114275458
23,21,65,0.7652754051814763,0.003058661725838463
42,25,19,0.4602278869919225,0.413001733067791
25,21,29,0.5144028202718569,0.8081828419115529
8,78,52,0.9969359127670125,0.719430860108191
93,78,28,0.8988835741697825,0.3050416118143543
16,21,15,0.6028541542872496,0.3746406962809702
73,62,31,0.735219685159387,0.8983193218195694
96,52,73,0.09132572025812002,0.8161079913009457
54,92,44,0.14687525601736717,0.1000076734736175
24,87,56,0.4110267538805933,0.9548886309004034
93,43,70,0.32974864315536734,0.9670263644968654
5,79,26,0.36954031586117453,0.673983079228357
16,1,74,0.44987389870060546,0.7680903222680573
18,57,16,0.0263380016026723,0.13313740331318802
2,81,89,0.8624929836061815,0.17143331131966932
11,27,26,0.2742676291803352,0.38814347367099
4,57,76,0.12480380424909421,0.28525567680277475
98,64,41,0.9712974083397454,0.6744860135446363
2,63,50,0.9400398762617198,0.22892856967190744
12,68,24,0.4158649448004047,0.4586791919392852
32,48,69,0.7058540203033311,0.5049151499216074
99,48,92,0.7330397339612996,0.44733282091448967
86,17,64,0.07544773189057241,0.41360362387008676
37,50,57,0.41978424022712313,0.10417938760169532
2,86,10,0.7031548156187707,0.07750088005132472
73,52,49,0.0035303733972595897,0.30423415487377625
82,56,80,0.7095301784128815,0.03743855564689946
26,83,56,0.4159693773900581,0.4650508223905526
18,49,87,0.8669890983233396,0.8701916785451874
65,100,95,0.9480604627190289,0.42562616118936913
26,49,65,0.25384959283890307,0.5229068013770101
84,71,73,0.11281132729244003,0.857707275252763
34,17,60,0.9806479145201172,0.6080110233532195
43,87,98,0.14950877115783034,0.21482981067268925
55,25,32,0.6720191111621152,0.6744155462783011
53,90,21,0.14635478836157656,0.9292158065689888
88,15,50,0.40398131584237174,0.09213279836400323
35,35,83,0.9091706528877773,0.6240226505497272
88,0,86,0.5661757959732077,0.1894931059511279
13,8,63,0.20160345613538888,0.11143543177580517
69,31,28,0.5747815632718435,0.09032015426736462
7,54,34,0.698491634649433,0.9909228681707438
40,70,10,0.9521441026332764,0.49038947138014766
41,22,76,0.829976556387555,0.638280171229745
56,41,29,0.983302263578484,0.03267811119675457
21,73,13,0.7183131850507107,0.013955750344625262
7,62,57,0.7610379667894384,0.14778540708087384
11,82,94,0.0698965538702836,0.2993061588298598
72,8,26,0.1895361722024258,0.47204320943062594
10,49,79,0.5045343896230268,0.7714732785577033
54,48,32,0.5756997356378103,0.47067435833379934
10,23,67,0.20463359934756498,0.2873337002877179
29,33,16,0.32706725889881827,0.38040813112794847
3,67,95,0.2721957654858419,0.9387146678858491
85,33,51,0.24308544492735706,0.3648692469058652
78,13,46,0.5112562071611253,0.2678685091794343
7,20,70,0.8847697138034135,0.6202419029846477
18,19,44,0.7764668689471877,0.596276855938994
77,82,64,0.6540600785257559,0.9520008941033509
30,50,59,0.29515039378146946,0.5511215083028019
15,72,72,0.08448735526787421,0.6222195234575436
69,99,7,0.5113698164024589,0.6170433642262327
61,36,29,0.3051689914488208,0.25859409934862865
86,48,76,0.764041065994585,0.7153161608585774
56,3,65,0.04221582016119285,0.913117335740158
21,78,40,0.16588392020547127,0.04462972155671063
48,93,50,0.8350502201425383,0.32797545648026305
32,76,32,0.7574933916933694,0.848251983248586
16,84,92,0.22993671985409503,0.25278553687110406
68,59,6,0.5351553611971775,0.5603715419750075
69,43,77,0.05164460382934011,0.6848393802602888
23,77,48,0.6220665258432295,0.5929444826202634
99,79,71,0.605615342021814,0.7890122329415669
16,82,73,0.04480115727172129,0.9775611144510823
14,29,64,0.5409954861079703,0.12938728967077862
74,51,93,0.010870036450880582,0.19710701681890486
8,84,87,0.7770658617241115,0.342743866816424
43,95,24,0.274119316093532,0.3795578332908117
92,63,35,0.9295928110348723,0.6295028692918404
35,61,53,0.7876605762915314,0.16449326379016616
52,31,88,0.9476541556882542,0.422239276719243
36,87,2,0.0961016159949517,0.8593944140417279
34,57,74,0.06953116405966442,0.8242528138734638
76,24,34,0.6216861767591515,0.5225856345770559
88,60,97,0.7491395321536242,0.9295030909580778
24,95,3,0.5180119631723998,0.06217151634901563
12,10,74,0.47221122484613287,0.5267294888751729
7,61,0,0.8712425026196259,0.7742086000149676
51,17,57,0.7444203126414081,0.7079533136231427
41,51,89,0.3959099681681536,0.2354315029800681
97,86,27,0.7337564281851828,0.7805826202756384
63,96,83,0.691863637570348,0.289709660665063
93,46,57,0.3724501289169313,0.30322831616919044
33,37,8,0.7065248207029083,0.6386513811671032
34,14,61,0.5753036915144786,0.005969933974233732
0,84,86,0.5001890823959994,0.30443615054641726
47,2,41,0.41569226246640933,0.789354884784474
92,30,55,0.10301026276053071,0.4036490545751098
70,47,84,0.42664454977394717,0.820740002593011
31,55,26,0.8027541478779783,0.05079279574897977
92,42,33,0.6266267473545789,0.7285254155077806
80,25,58,0.5785100418100168,0.5776230057859855
26,10,4,0.25465736803551686,0.43892717333180153
60,51,94,0.5239648001911058,0.37378122090201704
83,11,41,0.6554094340226473,0.2123650291712429
83,24,8,0.9060833383842649,0.6048115683897859
35,89,84,0.03982651738709264,0.9330629235877826
80,18,42,0.6540173628525747,0.27260223451683874
81,66,28,0.34631320173810365,0.5439618324226528
23,57,39,0.35509833728662643,0.8953980967929216
67,56,77,0.2864580025043727,0.17618743636665246
15,56,85,0.6122594819028262,0.4112121439691313
25,62,86,0.8601141552238303,0.5369418954175968
72,31,62,0.2909036175815046,0.8662040441094793
45,67,33,0.6113618529077328,0.3849771403174953
18,17,4,0.14355397346348442,0.252643523616753
81,77,29,0.4969854805331291,0.729622297827755
13,65,85,0.07876985284282034,0.7256616321713851
30,39,32,0.7196355858623217,0.9286761015501797
50,73,50,0.9381616628658497,0.23230766484180077
48,71,8,0.8326832295248416,0.9993828409930853
58,35,71,0.07722700888729894,0.48149688041755556
68,68,91,0.4855618946392263,0.3189788666671629
39,42,34,0.0898406234220932,0.9026999102653219
71,93,20,0.8127127068732691,0.24205715977250908
72,60,53,0.2139621564629629,0.6967179922389597
94,10,82,0.2813949971614149,0.6309252905773196
61,41,44,0.17689820794636113,0.7597931418739912
49,10,29,0.9868398453357368,0.27122099174919256
69,13,53,0.62864037762456,0.33433243465670004
63,58,39,0.20773869152442848,0.7324357371866648
39,31,43,0.829432276814958,0.23297010225614112
50,94,47,0.5877832978178732,0.05139951992704461
63,84,82,0.5947088035915087,0.9759846490204279
5,12,37,0.09691098216091554,0.12415073997501358
57,54,23,0.7495572312228648,0.8747137579352404
78,84,16,0.19079837353655593,0.5180369980197098
60,35,5,0.31869884116433933,0.5627699850866175
47,78,4,0.15031551304167978,0.17404146602128956
43,71,52,0.8288619617657427,0.26742380740085314
8,7,32,0.7039644473305764,0.7817164719200912
75,67,67,0.017424845845953607,0.0780066904093335
36,76,55,0.4409340164946166,0.7530050428755286
97,64,28,0.22607068789986784,0.7030989029530333
28,14,5,0.5270962474429876,0.18159325104740998
6,64,58,0.47733787864437793,0.5048472820483999
7,32,95,0.024513685300381893,0.659317521972484
43,53,89,0.3147448143975278,0.29344468709499216
76,71,97,0.4590431326218939,0.5041749775663145
42,11,9,0.5229933102671159,0.8389058997951927
78,94,68,0.5709421195102553,0.7186172025479575
39,55,100,0.9820411986645609,0.23805012582444318
19,74,59,0.9909531903091929,0.8118493954382017
40,21,16,0.09328111796036054,0.18163872995165564
51,95,23,0.4225684987367586,0.08020342938081826
75,5,45,0.7803555420424387,0.8383222142361721
68,20,54,0.7603190277675349,0.9686098316309388
35,93,53,0.13823361356644126,0.615065876623355
0,90,61,0.8523044153015435,0.9391975174245297
68,17,83,0.5696640368604223,0.425250585379771
41,88,97,0.6216388281961541,0.16302471500229043
79,44,10,0.3365804554297206,0.3396658525027081
3,37,15,0.08407599377952046,0.953429014657271
39,84,74,0.7777225245310019,0.37588609744022816
69,96,15,0.4613426977725773,0.0781533353225431
15,20,91,0.020884333740319616,0.8023512720355743
37,63,29,0.30320038515350556,0.08745943100082554
34,74,22,0.44333359669716466,0.039826580991273786
47,19,20,0.2723431174002221,0.9303554190121017
62,86,31,0.271890470295555,0.3111843059942564
54,46,97,0.8253369152910313,0.12033027625561643
35,94,15,0.7766095643601114,0.09721875656290102
32,40,31,0.2961414596223868,0.3014857783197501
38,99,93,0.36060558085839756,0.8293228207575846
72,12,84,0.823346257877996,0.7458239933829901
92,29,31,0.2084025113073995,0.8494160310670168
39,20,5,0.5013800145590935,0.5971321906565189
72,71,43,0.27277330888267504,0.9418908585256582
55,86,14,0.008448618650859774,0.6221894396246443
76,13,63,0.9226322011776974,0.6922521764921266
89,31,25,0.4779491550198651,0.3155894476972321
74,37,11,0.03692795571931917,0.36715665215040727
20,1,63,0.057846129771741195,0.4835414282386944
93,18,64,0.15268325844567054,0.6953845938373624
97,49,91,0.19282594965772915,0.9015193056430132
34,35,61,0.4088208935007339,0.9484449717880201
44,50,96,0.4453860920498838,0.5458996952625366
6,90,66,0.005929668976602853,0.9087808172382759
10,57,9,0.6025277509081672,0.20072016760509725
12,62,85,0.6421623533590773,0.4211297550749902
47,67,75,0.8573841661919319,0.36875068111669096
63,83,73,0.8573618195672813,0.8717548246672437
26,64,90,0.044388280400912916,0.21262275832838895
15,57,77,0.41913936311019684,0.7178742680052892
41,23,61,0.1787229173747913,0.9025747033469202
99,48,12,0.5742337014927483,0.8560558361241293
73,22,8,0.17585134164917648,0.1303707542722321
72,63,33,0.539145133332887,0.5784952975687907
68,93,70,0.2265008221681155,0.17734205028878225
9,2,93,0.2109353340573038,0.13255145649685696
98,11,18,0.400743782037672,0.0933356303907612
36,18,24,0.9909267799726573,0.3723702765456235
32,67,83,0.6479842504593429,0.9430965278759951
78,88,81,0.06752078867829325,0.8237143061844014
20,96,68,0.1419292497270267,0.3785001499244688
5,63,18,0.40253374917870133,0.3853230775512989
1,23,11,0.618763075605351,0.413529656742605
37,19,32,0.39481038874221774,0.818039149077551
4,79,80,0.3722219806628403,0.8515772601416641
71,61,70,0.9566473140988913,0.6099832909017118
14,41,53,0.060004045452747956,0.011451415899209172
99,82,7,0.6466534058042653,0.5729239063678356
76,37,57,0.686579804427478,0.38309993146895593
78,0,11,0.8066933646483073,0.7446095819609407
44,45,59,0.5667854399453611,0.11761430561291353
22,95,35,0.9529113438008543,0.41721153739711847
39,87,26,0.17504859728983824,0.4484019144102773
10,89,91,0.4287607599172122,0.9793585089032858
75,93,11,0.10068894441261633,0.11720229766754475
78,94,39,0.08714658116272811,0.6875376723390393
84,8,57,0.8168463473506374,0.3528043430228046
0,40,21,0.3334766771293124,0.48253316068645424
46,76,94,0.929003030403643,0.5003635081398023
1,42,44,0.7909175671579292,0.8994014783475196
42,97,23,0.03270410411088054,0.9536319921235289
43,49,77,0.8275129872508807,0.8696411504688544
98,57,17,0.04410052721255264,0.08640513846854492
10,27,35,0.9058656309980613,0.9459803547944793
63,35,42,0.9615353814953914,0.01169000866504788
12,10,5,0.10694744787874455,0.45971026535300596
18,41,62,0.1984010006596746,0.5348868259625325
86,31,24,0.7456659027552037,0.6891030962647338
97,31,28,0.31046188362722726,0.9717291753982787
83,87,92,0.8209002873066882,0.675216244716027
7,70,65,0.41760487148462855,0.9783916234765494
26,62,70,0.06236165385571346,0.4856888498045163
89,16,44,0.9486622420782787,0.4160031091516807
20,80,59,0.31681413717484386,0.3690647318149095
42,43,45,0.6421150774941232,0.9634738397210099
47,30,34,0.36303224164466263,0.9764710179784472
66,7,69,0.8855135586525541,0.8468270390755877
4,89,58,0.4409513624930509,0.25450301707327105
40,45,18,0.7572287179805524,0.6791479572890824
30,8,19,0.5705913157630751,0.9733742199362878
89,99,12,0.7113262378717069,0.0030491235303805597
91,14,9,0.6449216466080474,0.03323730768852151
71,73,78,0.7996437828796102,0.4458576218020328
44,78,74,0.8381632368558368,0.9135862913338711
81,43,48,0.8894650258976208,0.8020768169466164
37,84,4,0.5901976943392382,0.7071516651061943
66,95,82,0.42802657817331413,0.5750631923126592
6,73,35,0.4772991935153714,0.7541092548999714
69,56,61,0.5083061424352439,0.06914044388564777
11,36,18,0.13672137660647965,0.32395315503577815
56,72,85,0.019923321331356436,0.2976920987466004
31,51,18,0.5101332080405796,0.7880700988776077
70,69,59,0.17133045988595286,0.5424818990704671
46,14,79,0.5100136665948242,0.840879694450845
48,77,24,0.30943543934177375,0.9585759921854311
30,59,96,0.7629436351920345,0.2317438720435564
77,51,80,0.28534009482860834,0.5630186939955604
71,15,16,0.894476165237994,0.4133966855539879
70,12,88,0.16989384127403295,0.7557888838905873
91,54,3,0.5949669903730966,0.16732498804701113
16,6,41,0.21681071725301537,0.007311580699023823
94,71,29,0.8204529636987006,0.9275667971069722
74,75,53,0.970279213726872,0.032904786722216084
46,46,16,0.09838036370667547,0.9072332691444078
46,3,5,0.044736357494495116,0.35231022937518164
99,80,22,0.734133702981928,0.5283194333275165
36,64,73,0.1231983688842776,0.5405081076680563
7,38,80,0.5995742759165721,0.45053945015620067
42,80,61,0.4701476908514016,0.8267604652079972
72,80,80,0.4777047221273667,0.5540961451160475
25,25,12,0.8510901142449926,0.3571915370090787
50,47,96,0.8016196039753019,0.6751916604428325
72,1,3,0.739849422368493,0.00806656036556741
99,68,97,0.4046800446025105,0.5733980862347035
10,89,83,0.17108638152250333,0.4177672673259698
90,78,78,0.014009637100560135,0.5578492821532751
84,13,20,0.32677636964315937,0.9736007203487008
48,16,74,0.014232080576902173,0.4215753029981115
39,13,72,0.9902425915676782,0.9339073964946151
75,83,45,0.6882606794122601,0.46213501377762534
32,49,50,0.66251857043306,0.12940881508495483
58,2,36,0.374754778778407,0.3131336611269889
80,10,1,0.8402437154300052,0.8589844233126642
12,66,42,0.753568974340951,0.6110325665446722
76,37,32,0.34270937596497253,0.9772501085575396
76,91,10,0.45774150186508666,0.4230410655233955
44,23,73,0.5129337585912102,0.5098360941834542
3,79,37,0.48736261869720143,0.4979688547927964
23,87,98,0.2627982856476194,0.20089269788413244
19,47,21,0.9736005520903938,0.3930148852974301
86,1,62,0.4893390887365502,0.7856414014623861
13,62,25,0.31355878936086146,0.8619577554602948
41,9,43,0.7316863419435083,0.5972545968476166
64,9,34,0.23545257755597038,0.166648828293532
25,93,47,0.9187094698186459,0.5287851048604589
33,78,91,0.8725596353128241,0.08417402139847485
78,37,38,0.539784817776317,0.9703171125930753
88,90,99,0.7234096296565395,0.6024709690646456
89,52,58,0.2591442096434159,0.7104113565009645
81,48,32,0.7284791408580437,0.005183430486519924
90,73,72,0.4380015493607433,0.2674987759286521
15,30,40,0.7470001603187405,0.45758219427450275
80,95,63,0.3976662340610716,0.9750384086733165
74,66,3,0.9243024269098292,0.6139656449736325
24,65,3,0.2095883014652945,0.8708287151418275
24,74,6,0.5934732511038726,0.8312785326576263
38,98,83,0.22429542573180938,0.6034834441373045
78,89,42,0.6066238896381747,0.5887647320467118
32,78,13,0.8610848414601935,0.7259537653368652
43,97,28,0.035804411417582616,0.8605220765740996
18,47,66,0.3553435645689761,0.9173900217616776
39,22,91,0.663751872602045,0.6079692269021477
76,63,91,0.09709922362103218,0.9933000529783418
12,21,61,0.5978409033276986,0.012954585575071786
57,56,45,0.8609312634370727,0.2897021455627834
88,44,62,0.2954705027365583,0.2707233786375487
82,52,7,0.42713100531108883,0.8593153631005112
93,11,59,0.5490454200559868,0.4104848115102677
32,92,35,0.013913794947915337,0.27928058342360995
67,50,79,0.1837033369405423,0.17466848209237373
59,99,86,0.7735812306586942,0.8957539851354824
50,44,18,0.6196428292145516,0.585602388155603
75,97,25,0.15229494016647016,0.7513926514113118
99,37,97,0.7193179246239717,0.5937235661434198
51,1,42,0.08322995159311097,0.5933003011395976
32,42,2,0.01020099008733577,0.13261086366176567
30,47,79,0.6718214575844662,0.5869710205629572
73,89,65,0.2084098756154943,0.572441484956047
2,98,82,0.7434094798523242,0.3590576437554288
14,83,76,0.057404097877702176,0.27798492856885404
68,12,47,0.7985253258871869,0.8751823212588469
5,73,45,0.39253188790438265,0.17987439013017925
37,1,62,0.7417218567495579,0.36292846263280354
83,21,97,0.5760076809893996,0.3943191517316563
40,2,51,0.4919558909207056,0.7868212894685919
95,2,30,0.8354613135559001,0.6813809320032813
94,8,92,0.5868075020004326,0.7358797331749908
53,65,77,0.29099166579956914,0.5194507200133414
43,26,73,0.6759766439546494,0.6326490719860305
40,14,16,0.3453234019777276,0.22358647358205563
2,72,22,0.6586984940282566,0.6436975057164928
60,64,54,0.8435461626105638,0.5961271550400518
82,39,25,0.07440611714878242,0.5944380374923096
4,92,82,0.8473166492628937,0.29866463285079026
51,67,15,0.3947257424241918,0.6163142402566072
4,20,12,0.9639608053146674,0.7977835445741908
99,76,15,0.2685706657571102,0.3179568681602549
48,15,49,0.9457380304091324,0.8201776180028338
100,57,2,0.16090466268851544,0.4536198382107509
1,99,87,0.8537019947784095,0.35105006842385533
36,36,31,0.9322690819399226,0.23724798848991613
15,43,84,0.4055524051214654,0.6722711473972227
44,13,0,0.4236005850934136,0.8802905860640203
9,42,55,0.4196544063804081,0.7578789050278428
44,86,40,0.20315644455407056,0.2360078804065614
87,24,49,0.06600858347504068,0.6511450707611814
63,40,84,0.8731660600055541,0.7798460058952401
84,51,68,0.6457187798251369,0.7752661011219505
50,71,83,0.46662405118001193,0.6073612078098709
31,54,68,0.47439903462275446,0.6557736559164107
84,51,6,0.20645697012272246,0.3995384174427131
93,44,20,0.6147319459942413,0.37020902210324214
42,4,61,0.2805230657631145,0.1059930237067418
3,6,58,0.4589386328961065,0.8991451467334755
28,92,76,0.7980909253919358,0.2639401460582833
37,52,58,0.7124979209101308,0.019428188663169643
64,72,74,0.48846692442747697,0.670368841371825
33,39,20,0.576989980977289,0.420649662489776
38,14,13,0.22714494657058504,0.5453105701041825
5,49,46,0.39684720020285913,0.889656032499966
53,33,95,0.8288598408135391,0.162921043361539
70,9,70,0.6204279215634425,0.37620662666962135
71,33,37,0.7850881667487755,0.022478881831261788
65,68,23,0.2691903674063245,0.7167339455549296
13,46,95,0.6721677142719346,0.06912816506199204
41,30,32,0.891103996631885,0.9296863156350106
25,96,21,0.9247604282843371,0.13565298594339814
68,27,33,0.5091405069234939,0.9912094813427592
88,2,80,0.1631202042688248,0.7039607469523811
15,66,21,0.14632773484567507,0.41866409706466223
20,84,46,0.5637025757735826,0.03677046744059731
1,31,25,0.9451075341025271,0.8992257044321028
22,55,5,0.6800242810757711,0.5985949768305434
34,18,47,0.05762294148636127,0.444095049307048
50,11,45,0.5434022325251058,0.3999398700379203
1,49,36,0.9610056504373862,0.5324370885111425
72,73,68,0.8257232851605112,0.8686033108658956
9,14,52,0.5288915888545261,0.08560730172892828
44,86,90,0.9641075310857914,0.12900460215286702
2,65,29,0.5600373141431725,0.8567768161460048
43,92,88,0.8379190574192144,0.919532254473253
2,87,83,0.5491536282902764,0.7936304690121468
94,3,70,0.5996886318782326,0.3833539758597614
46,62,73,0.5063279873299248,0.6567434413255937
28,65,37,0.03574672413511504,0.8236959901335725
9,53,53,0.09969284221067976,0.8243605353410354
60,51,81,0.7388015729346887,0.11906357613918994
46,68,12,0.6406260881471602,0.7270558581400354
3,5,89,0.9104420627846803,0.7051668197292329
76,12,94,0.08177517160498382,0.13509415303896777
38,49,20,0.5903623923865925,0.6854329444185847
78,77,20,0.6096729241781128,0.5486506973167865
71,39,81,0.38039388695223797,0.5624808754099829
45,97,39,0.196057808212601,0.5627054562234148
39,60,29,0.013896853430292788,0.06104280954958197
0,72,79,0.20267529039860543,0.4938376037829012
15,81,80,0.8434736237409252,0.19204497537431375
45,53,2,0.4962603350917113,0.8340347191096973
60,4,76,0.9569048785650395,0.4995014992394162
89,87,7,0.5678990380999438,0.9981409223481883
76,47,92,0.46761373649760696,0.5180335164241655
66,47,76,0.8280080199210734,0.2508514559751259
52,97,64,0.8935935170238286,0.24486188650301477
96,51,45,0.9045372244583059,0.5056818754592998
46,38,19,0.6531256032048103,0.4119811215442635
49,66,31,0.7697316199112925,0.9719067785177993
8,44,25,0.7855526238023749,0.16592126830297682
51,95,22,0.4939600541327681,0.6935100016941086
47,22,47,0.8211243074960575,0.2670813629913821
21,99,83,0.7405751402646863,0.028216232605562053
78,59,84,0.5301568422328148,0.08617934600245591
53,10,34,0.8629443804395249,0.4851701028305456
7,38,28,0.34295448480188695,0.12461869177314044
36,39,16,0.6578855196910485,0.4323910535391925
51,8,22,0.31049971486641326,0.482086014885294
69,57,82,0.5522730429701068,0.3950625442260173
69,21,93,0.6890431483870169,0.19210157455595167
49,98,75,0.3087485498434327,0.971352848745886
39,84,58,0.7472851797540464,0.2587626536059955
67,76,57,0.13284728540559165,0.09678870610171397
54,53,16,0.647457909995274,0.1341276398595953
36,81,30,0.2066691261938971,0.3705821733538631
1,78,94,0.9307178547752107,0.38582741192531034
69,13,79,0.28569510951182486,0.5835154674125153
22,74,73,0.14965025914760488,0.27539450627893725
67,75,46,0.675232211912434,0.46161163020822304
22,91,40,0.4410254797490022,0.05032767086050827
99,9,77,0.8357139839182397,0.3769193724200335
80,60,44,0.5615146900109818,0.46989859332815986
26,56,90,0.11784362384215807,0.026971726043698463
21,69,47,0.4164720552991654,0.9722437069548749
43,56,66,0.42073718987587894,0.5479220731127171
39,79,67,0.3185907806674766,0.9991758584055105
28,83,82,0.08369654311246721,0.5844235757439696
78,45,36,0.685595622992324,0.1007914755742324
85,37,57,0.3695265917510465,0.1702409426791761
78,8,6,0.45493173531483333,0.794586809565277
87,20,71,0.969612665080122,0.0638842347694033
76,26,99,0.5989171000233408,0.5117816354571797
35,91,25,0.8837717327266152,0.9617872674887439
11,92,31,0.7456362543546103,0.8934516543127454
63,76,97,0.4215555772828007,0.5329778723439603
69,84,23,0.7253633174587439,0.10599180144955267
11,15,60,0.24052851619559268,0.708354521617605
90,7,74,0.5019856039431868,0.8625306151030333
66,72,90,0.1904209634147518,0.2068061860785816
19,51,64,0.5403327303367575,0.47980667744780514
20,93,56,0.2673440979226098,0.09933592158871085
39,40,26,0.4840955792485476,0.7557999252924282
50,8,80,0.6989847050290295,0.24136789847074147
22,44,55,0.718302175140695,0.08972271284703293
13,62,3,0.6222767654807602,0.5216941195716823
92,65,24,0.9953248271989122,0.08995431609597193
80,81,77,0.09122211477883824,0.9648126955386171
12,34,28,0.28633199248166397,0.7175305964695636
33,67,55,0.5847238554758569,0.7249732149180154
48,10,34,0.2716606611548449,0.5701982033814657
62,55,22,0.07224255315673556,0.5591276307627406
12,16,19,0.8901958360547929,0.7384310577017102
37,99,39,0.12388170001775178,0.5506260754773505
63,98,55,0.6083805719545278,0.8731131670571515
92,4,70,0.450529872134399,0.1666296439240288
89,16,14,0.9321615131932962,0.27060803213588225
42,55,24,0.4874616376355516,0.47930108864422394
92,43,93,0.6037402793297307,0.7236418732456248
90,20,77,0.5685684757793565,0.5592906776889597
55,92,61,0.8879156628700212,0.7336853657100341
35,12,95,0.8755499774926319,0.39548348899021113
95,94,89,0.5488574789496955,0.4534344163268621
10,93,23,0.7038904437230907,0.5845518213048827
32,1,76,0.6054719906016612,0.6861397497215759
6,97,100,0.7380643321720247,0.11820248570015401
24,1,91,0.8795764905497596,0.1767192136604413
75,20,70,0.9488577915289944,0.6375941433582286
17,26,91,0.1791711557415545,0.005837129381181305
76,48,22,0.8327841829428226,0.801810116223802
83,65,53,0.344674103088923,0.6551151974746328
57,83,72,0.4784929289596722,0.9035247557539495
68,37,8,0.9804421300862077,0.09154281619406335
88,32,15,0.17759337384450014,0.8518801156714018
28,20,77,0.17619115078765912,0.20344556623249876
15,84,42,0.9083215818387483,0.9974555134138805
93,68,86,0.3405369086712009,0.33254615964964496
73,14,36,0.4367881044817473,0.8384478018652052
89,47,9,0.6577193149080455,0.24957985730585974
21,25,24,0.3772431375131515,0.3066206614830247
100,29,31,0.043561448453506624,0.15429247138249103
45,11,14,0.445772708602856,0.2315289033389546
41,13,52,0.0973529882615305,0.49502664350030123
25,86,78,0.6835679706666492,0.10107541409690235
30,60,80,0.9158839696183078,0.7320023601339786
96,88,24,0.920369405736716,0.0463520604206602
87,73,22,0.5465233529678197,0.665321704155793
88,21,91,0.2552595659400725,0.9188471927600723
98,93,64,0.7777563364394684,0.920778233925659
84,44,75,0.2050561771525894,0.5043794544225197
14,2,30,0.39551293164234114,0.7647548606366129
87,78,17,0.815851629044218,0.4501709004663853
30,5,12,0.4750272789368011,0.49458953682832807
88,77,53,0.8955514895045072,0.48735026729574393
86,88,85,0.356568350346701,0.2818095263098068
62,14,90,0.2230074887887995,0.5952857029670278
75,63,7,0.4259231485115107,0.5674671099386877
77,44,14,0.644666935163924,0.7746753701065366
76,20,1,0.4201211459267009,0.8705690746514567
45,42,1,0.7026142436110666,0.4980916788318953
34,65,33,0.01725554967433296,0.76823844606863
38,10,77,0.9339529919417856,0.27948668868654536
94,90,80,0.27080813929162595,0.8014853905711385
63,85,53,0.3208707581919785,0.4742737876453762
63,72,13,0.8978322090834746,0.6019167426531215
27,60,73,0.2795505227846802,0.007326693674391982
85,26,5,0.1860371019445961,0.7615054770868723
58,42,0,0.15307744455897276,0.13976916944986495
23,100,70,0.052419029227667946,0.12221728375210283
40,20,44,0.054132595922672944,0.6974005519889696
50,69,71,0.5950889060359539,0.9133295442671
96,86,49,0.5508690682764242,0.07640878368117121
74,91,70,0.5562968643418033,0.25772799932606405
20,42,60,0.048953504112948076,0.4039421931064897
89,20,14,0.34802409803512635,0.18933466152652856
16,63,42,0.5887754152606227,0.9601683337235042
4,67,99,0.30053977431948775,0.8352425969997119
30,58,89,0.030064527230051374,0.6093740383906077
16,24,93,0.5068860898579444,0.07858954599166323
59,70,71,0.08767023341715574,0.1133990667052589
6,69,91,0.10525638054055408,0.5822962703918771
43,93,56,0.08535720138537561,0.8808238981021269
0,79,55,0.20875948955873636,0.49685412950749375
35,70,65,0.058060222595891386,0.31181952032644267
17,23,44,0.6355448732214122,0.5624765769587535
1,93,99,0.37859429418947466,0.1197293360052587
40,72,29,0.2582517761113765,0.7096864941760372
82,10,93,0.45932125392584344,0.911878901736305
80,82,21,0.1712933481194907,0.03790525147181656
3,81,38,0.6829425224636809,0.6328303890172867
1,31,83,0.9184250244031081,0.9411401726067615
46,81,3,0.4513396316163162,0.0870081436225868
22,89,30,0.5272330268038393,0.5352298295165381
27,43,36,0.04791624818133666,0.4156148724450124
33,37,56,0.696097459752461,0.5588949146093092
27,69,76,0.9784007825437734,0.5302954450915437
40,1,68,0.06861394877404603,0.8540879892276975
60,43,88,0.18336595106096765,0.7496450129826288
83,90,43,0.6982761920342834,0.69559411324676
98,87,29,0.6540787403673286,0.9558500457260277
35,96,6,0.9020606139466565,0.681255536057544
30,83,76,0.6331914189835596,0.22713890668773562
82,65,16,0.9336605203737037,0.9003236023498383
78,97,67,0.0032816410963346643,0.18254911851372746
55,68,88,0.8961049280499206,0.9858767434610343
37,58,92,0.09471911717908421,0.4144575967292651
9,50,17,0.2838023166688417,0.048395113474465457
34,62,21,0.8592209525243891,0.8475808137643995
48,48,82,0.8421773845598932,0.9614427287785128
95,28,12,0.9339122242859433,0.5118468861898485
67,21,85,0.03491697410209349,0.825143578304012
43,40,76,0.7101733129674231,0.5410266752782797
32,43,73,0.7068510227749011,0.9722675150202965
19,75,62,0.3628427749244869,0.08650219689073213
81,1,10,0.7280417963494482,0.15347320908568463
6,67,64,0.3184447405101881,0.010479738444375108
25,14,18,0.4041833461053508,0.4236215249165991
94,63,79,0.7689547442086808,0.3365831574339667
45,58,28,0.06685458779701947,0.2985896843782019
88,14,37,0.37238722237914756,0.8409443089663152
7,35,23,0.709110236443282,0.43738453360495233
22,13,98,0.5314578730838723,0.13582577829115572
55,28,15,0.6239244746265271,0.9291882077099116
52,68,49,0.7193317326791374,0.9868882214010508
43,70,65,0.3816536860394779,0.32959288723848756
78,1,59,0.02713417704836074,0.2940148109842827
82,48,22,0.8871326886972107,0.07721494950006791
15,83,49,0.6910696888966776,0.39762936174626073
41,4,11,0.1654332151792629,0.5938338883380998
87,17,81,0.5054858399778597,0.29507592835856344
24,59,21,0.8402688030230272,0.5449792709279893
95,55,36,0.5186238446980014,0.43632006380679844
76,10,22,0.45088204987479275,0.8560108274057946
5,68,20,0.5241253638175173,0.42190459904228517
81,54,66,0.648055579061222,0.3059101537231321
72,1,25,0.7590687017379544,0.46641361275175786
99,30,64,0.9449285045240436,0.9090016885991591
62,77,75,0.6346788366309233,0.9919843666494413
70,3,50,0.3392865468330699,0.5044955858802208
36,49,40,0.5682023506688892,0.5497714153380776
96,67,28,0.6394045130784963,0.6883784720821973
72,100,65,0.9818410891827275,0.49661494213267676
51,91,85,0.9315360052385796,0.9199915341611795
51,83,50,0.833940358866723,0.3063589423955754
80,42,44,0.39775087328558867,0.042958586136314425
79,54,50,0.19480917275760234,0.16458016554710286
27,66,53,0.6584088660015536,0.7879077931914497
26,89,5,0.8239965249447719,0.9106479663084279
50,10,36,0.3141412212687388,0.591233152147255
49,71,78,0.4505547712560314,0.4808533538598092
72,89,91,0.5467560069366801,0.41196717992036214
88,99,92,0.9660646226052897,0.2070802777797922
95,95,11,0.0008859853380388527,0.18638981848615233
44,28,65,0.3818434100500926,0.10680627792082442
26,99,7,0.7955770749287194,0.9438060749985135
20,59,61,0.5723479142383067,0.7546553164878395
